"","Average.Speed3","Hours.Since.Last.Walk_Day2","Ambulation_Day1","Speed_max","Ambulation_Day2","Average.Speed","Hours.Since.Last.Walk_Day3","Duration_Day1","Ambulations","speed_change1","Ambulation_Day1.1","Average.Speed.1","Total.Distance.Walked","Ambulation_Day1.2","Distance_Day1","X30.day.readmission","X30.day.readmission.1","Total.Distance.Walked.1","Duration_Day1.1","Duration_Day2","Speed_max.1","Ambulations.1","Ambulation_Day3","Duration_Day2.1","Ambulation_Day3.1","Hours.Since.Last.Walk_Day1","Distance_Day2","Average.Speed2","Speed_min","Distance_Day3","Ambulations.2","Average.Speed.2","Hours.Since.Last.Walk_Day1.1","Distance_Day1.1","Total.Distance.Walked.2","Hours.Since.Last.Walk_Day1.2","Average.Speed.3","Distance_Day2.1","Duration","Hours.Since.Last.Walk_Day2.1","Ambulation_Day1.3","Average.Speed3.1","Ambulations.3","Ambulation_Day3.2","Average.Speed.4","Hours.Since.Last.Walk_Day1.3","Duration_Day3","Average.Speed1","X30.day.readmission.2","X30.day.readmission.3","Average.Speed2.1","X30.day.readmission.4","Ambulations.4","Duration_Day3.1","X30.day.readmission.5","Average.Speed2.2","Ambulation_Day1.4","Average.Speed1.1","Average.Speed.5","Distance_Day1.2","Ambulation_Day1.5","Speed_max.2","Duration.1","Duration_Day3.2","Duration_Day1.2","Ambulation_Day1.6","speed_change1.1","Ambulation_Day1.7","Average.Speed1.2","Average.Speed1.3","Ambulation_Day3.3","speed_change2","Total.Distance.Walked.3","Ambulation_Day1.8","Average.Speed3.2","Ambulation_Day2.1","speed_change2.1"
"1",0.881763033,48,0,1.234727794,0,0.881763033,7,0,3,0,0,0.881763033,930.26,0,0,1,1,930.26,0,0,1.234727794,3,3,0,3,24,0,0,0.559137931,930.26,3,0.881763033,24,0,930.26,24,0.881763033,0,1055,48,0,0.881763033,3,3,0.881763033,24,1055,0,1,1,0,1,3,1055,1,0,0,0,0.881763033,0,0,1.234727794,1055,1055,0,0,0,0,0,0,3,0.881763033,930.26,0,0.881763033,0,0.881763033
"2",0.493961219,48,0,0.493961219,0,0.493961219,8,0,1,0,0,0.493961219,356.64,0,0,1,1,356.64,0,0,0.493961219,1,1,0,1,24,0,0,0.493961219,356.64,1,0.493961219,24,0,356.64,24,0.493961219,0,722,48,0,0.493961219,1,1,0.493961219,24,722,0,1,1,0,1,1,722,1,0,0,0,0.493961219,0,0,0.493961219,722,722,0,0,0,0,0,0,1,0.493961219,356.64,0,0.493961219,0,0.493961219
"3",1.399643697,48,0,1.399643697,0,1.399643697,23,0,1,0,0,1.399643697,391.96,0,0,1,1,391.96,0,0,1.399643697,1,1,0,1,24,0,0,1.399643697,391.96,1,1.399643697,24,0,391.96,24,1.399643697,0,280.0427,48,0,1.399643697,1,1,1.399643697,24,280.0427,0,1,1,0,1,1,280.0427,1,0,0,0,1.399643697,0,0,1.399643697,280.0427,280.0427,0,0,0,0,0,0,1,1.399643697,391.96,0,1.399643697,0,1.399643697
"4",0,33,1,0.218110073,0,0.218110073,57,963,1,-0.218110073,1,0.218110073,210.04,1,210.04,1,1,210.04,963,0,0.218110073,1,0,0,0,9,0,0,0.218110073,0,1,0.218110073,9,210.04,210.04,9,0.218110073,0,963,33,1,0,1,0,0.218110073,9,0,0.218110073,1,1,0,1,1,0,1,0,1,0.218110073,0.218110073,210.04,1,0.218110073,963,0,963,1,-0.218110073,1,0.218110073,0.218110073,0,0,210.04,1,0,0,0
"5",0.49057971,48,0,0.502068966,0,0.49057971,6,0,2,0,0,0.49057971,406.2,0,0,1,1,406.2,0,0,0.502068966,2,2,0,2,24,0,0,0.483379175,406.2,2,0.49057971,24,0,406.2,24,0.49057971,0,828,48,0,0.49057971,2,2,0.49057971,24,828,0,1,1,0,1,2,828,1,0,0,0,0.49057971,0,0,0.502068966,828,828,0,0,0,0,0,0,2,0.49057971,406.2,0,0.49057971,0,0.49057971
"6",0,48,0,0,0,0,72,0,0,0,0,0,0,0,0,1,1,0,0,0,0,0,0,0,0,24,0,0,0,0,0,0,24,0,0,24,0,0,0,48,0,0,0,0,0,24,0,0,1,1,0,1,0,0,1,0,0,0,0,0,0,0,0,0,0,0,0,0,0,0,0,0,0,0,0,0,0
"7",0.812092076,8,0,0.881005311,2,0.755023537,14,0,4,0.714655397,0,0.755023537,750.96,0,0,1,1,750.96,0,582.5465,0.881005311,4,2,582.5465,2,24,416.32,0.714655397,0.659898248,334.64,4,0.755023537,24,0,750.96,24,0.755023537,416.32,994.618,8,0,0.812092076,4,2,0.755023537,24,412.0715,0,1,1,0.714655397,1,4,412.0715,1,0.714655397,0,0,0.755023537,0,0,0.881005311,994.618,412.0715,0,0,0.714655397,0,0,0,2,0.097436679,750.96,0,0.812092076,2,0.097436679
"8",1.123090523,48,0,1.123090523,0,1.123090523,8,0,1,0,0,1.123090523,271.63,0,0,1,1,271.63,0,0,1.123090523,1,1,0,1,24,0,0,1.123090523,271.63,1,1.123090523,24,0,271.63,24,1.123090523,0,241.8594,48,0,1.123090523,1,1,1.123090523,24,241.8594,0,1,1,0,1,1,241.8594,1,0,0,0,1.123090523,0,0,1.123090523,241.8594,241.8594,0,0,0,0,0,0,1,1.123090523,271.63,0,1.123090523,0,1.123090523
"9",1.718114506,9,0,2.576802428,2,1.739825856,19,0,6,1.779936133,0,1.739825856,2710.68,0,0,1,1,2710.68,0,547.1657,2.576802428,6,4,547.1657,4,24,973.92,1.779936133,0.955253073,1736.76,6,1.739825856,24,0,2710.68,24,1.739825856,973.92,1558.018,9,0,1.718114506,6,4,1.739825856,24,1010.8523,0,1,1,1.779936133,1,6,1010.8523,1,1.779936133,0,0,1.739825856,0,0,2.576802428,1558.018,1010.8523,0,0,1.779936133,0,0,0,4,-0.061821627,2710.68,0,1.718114506,2,-0.061821627
"10",0,48,0,0,0,0,72,0,0,0,0,0,0,0,0,1,1,0,0,0,0,0,0,0,0,24,0,0,0,0,0,0,24,0,0,24,0,0,0,48,0,0,0,0,0,24,0,0,1,1,0,1,0,0,1,0,0,0,0,0,0,0,0,0,0,0,0,0,0,0,0,0,0,0,0,0,0
"11",1.159706314,48,0,1.179079903,0,1.159706314,8,0,2,0,0,1.159706314,789.76,0,0,1,1,789.76,0,0,1.179079903,2,2,0,2,24,0,0,1.129850746,789.76,2,1.159706314,24,0,789.76,24,1.159706314,0,681,48,0,1.159706314,2,2,1.159706314,24,681,0,1,1,0,1,2,681,1,0,0,0,1.159706314,0,0,1.179079903,681,681,0,0,0,0,0,0,2,1.159706314,789.76,0,1.159706314,0,1.159706314
"12",1.177204819,23,1,1.597700348,1,1.261022044,23,296,3,0.545605753,1,1.261022044,1258.5,1,311.42,1,1,1258.5,296,287,1.597700348,3,1,287,1,7,458.54,1.597700348,1.052094595,488.54,3,1.261022044,7,311.42,1258.5,7,1.261022044,458.54,998,23,1,1.177204819,3,1,1.261022044,7,415,1.052094595,1,1,1.597700348,1,3,415,1,1.597700348,1,1.052094595,1.261022044,311.42,1,1.597700348,998,415,296,1,0.545605753,1,1.052094595,1.052094595,1,-0.420495529,1258.5,1,1.177204819,1,-0.420495529
